{"cameraMode":{"drawMode":0,"name":"Shaded","section":"Shading Mode"},"sceneLighting":true,"audioPlay":false,"sceneViewState":{"m_AlwaysRefresh":false,"showFog":true,"showSkybox":true,"showFlares":true,"showImageEffects":true,"showParticleSystems":true,"showVisualEffectGraphs":true,"m_FxEnabled":true},"in2DMode":false,"pivot":{"x":2.3439364433288576,"y":1.0039136409759522,"z":-0.0231475830078125},"rotation":{"x":0.40363210439682009,"y":-0.25122886896133425,"z":0.11628375947475434,"w":0.8720312714576721},"size":5.266546249389648,"orthographic":false}