{"cameraMode":{"drawMode":0,"name":"Shaded","section":"Shading Mode"},"sceneLighting":true,"audioPlay":false,"sceneViewState":{"m_AlwaysRefresh":false,"showFog":true,"showSkybox":true,"showFlares":true,"showImageEffects":true,"showParticleSystems":true,"showVisualEffectGraphs":true,"m_FxEnabled":true},"in2DMode":false,"pivot":{"x":1.533890724182129,"y":-0.4666023254394531,"z":-1.0883684158325196},"rotation":{"x":-0.08176711201667786,"y":0.9121460318565369,"z":-0.22351674735546113,"w":-0.33368200063705447},"size":12.461819648742676,"orthographic":false}